texto,intencion,fuente,version
hola que tal,saludo,sintetico,v1
buenas?,saludo,sintetico,v1
quisiera saber saludos,saludo,sintetico,v1
que tal gracias,saludo,sintetico,v1
holaaa,saludo,sintetico,v1
que tal por favor,saludo,sintetico,v1
buenos dias necesito informacion,saludo,sintetico,v1
quisiera saber holaaa,saludo,sintetico,v1
quisiera saber que tal,saludo,sintetico,v1
quisiera saber hola famysalud,saludo,sintetico,v1
"me ayudas, que tal",saludo,sintetico,v1
hola necesito ayuda,saludo,sintetico,v1
hola famysalud?,saludo,sintetico,v1
quisiera saber hola,saludo,sintetico,v1
"me ayudas, saludos",saludo,sintetico,v1
quisiera saber buenas,saludo,sintetico,v1
"me ayudas, hola",saludo,sintetico,v1
"me ayudas, hola famysalud",saludo,sintetico,v1
holaaa por favor,saludo,sintetico,v1
buenas necesito informacion,saludo,sintetico,v1
"me ayudas, buenas noches",saludo,sintetico,v1
hola buenas,saludo,sintetico,v1
hola hola famysalud,saludo,sintetico,v1
quisiera saber buenos dias,saludo,sintetico,v1
buenas tardes por favor,saludo,sintetico,v1
hola necesito ayuda por favor,saludo,sintetico,v1
"me ayudas, holaaa",saludo,sintetico,v1
quisiera saber hola,saludo,sintetico,v1
hola famysalud?,saludo,sintetico,v1
holaaa?,saludo,sintetico,v1
quisiera saber hola,saludo,sintetico,v1
hola buenos dias,saludo,sintetico,v1
hola saludos,saludo,sintetico,v1
que tal?,saludo,sintetico,v1
hola necesito informacion,saludo,sintetico,v1
buenos dias necesito informacion,saludo,sintetico,v1
holaaa gracias,saludo,sintetico,v1
hola necesito ayuda por favor,saludo,sintetico,v1
buenas necesito informacion,saludo,sintetico,v1
buenos dias?,saludo,sintetico,v1
quisiera saber buenas tardes,saludo,sintetico,v1
hola famysalud por favor,saludo,sintetico,v1
buenas necesito informacion,saludo,sintetico,v1
holaaa gracias,saludo,sintetico,v1
buenas noches,saludo,sintetico,v1
que tal necesito informacion,saludo,sintetico,v1
hola buenas tardes,saludo,sintetico,v1
quisiera saber buenas tardes,saludo,sintetico,v1
"me ayudas, hola",saludo,sintetico,v1
hola saludos,saludo,sintetico,v1
holaaa,saludo,sintetico,v1
quisiera saber que tal,saludo,sintetico,v1
quisiera saber buenas,saludo,sintetico,v1
buenos dias gracias,saludo,sintetico,v1
que tal?,saludo,sintetico,v1
buenas tardes,saludo,sintetico,v1
hola holaaa,saludo,sintetico,v1
saludos,saludo,sintetico,v1
buenas tardes,saludo,sintetico,v1
"me ayudas, que tal",saludo,sintetico,v1
holaaa gracias,saludo,sintetico,v1
hola buenos dias,saludo,sintetico,v1
buenas noches?,saludo,sintetico,v1
buenas,saludo,sintetico,v1
holaaa gracias,saludo,sintetico,v1
"me ayudas, buenas noches",saludo,sintetico,v1
quisiera saber buenas noches,saludo,sintetico,v1
hola?,saludo,sintetico,v1
"me ayudas, hola necesito ayuda",saludo,sintetico,v1
buenas tardes necesito informacion,saludo,sintetico,v1
quisiera saber buenas,saludo,sintetico,v1
quisiera saber que tal,saludo,sintetico,v1
que tal por favor,saludo,sintetico,v1
hola hola,saludo,sintetico,v1
holaaa gracias,saludo,sintetico,v1
saludos?,saludo,sintetico,v1
"me ayudas, hola necesito ayuda",saludo,sintetico,v1
que tal necesito informacion,saludo,sintetico,v1
buenas?,saludo,sintetico,v1
holaaa gracias,saludo,sintetico,v1
"me ayudas, hola necesito ayuda",saludo,sintetico,v1
holaaa,saludo,sintetico,v1
holaaa por favor,saludo,sintetico,v1
hola hola,saludo,sintetico,v1
hola necesito ayuda,saludo,sintetico,v1
saludos por favor,saludo,sintetico,v1
"me ayudas, buenas tardes",saludo,sintetico,v1
buenos dias,saludo,sintetico,v1
hola necesito informacion,saludo,sintetico,v1
hola famysalud necesito informacion,saludo,sintetico,v1
hola necesito ayuda gracias,saludo,sintetico,v1
quisiera saber buenas noches,saludo,sintetico,v1
que tal necesito informacion,saludo,sintetico,v1
buenos dias necesito informacion,saludo,sintetico,v1
buenas tardes?,saludo,sintetico,v1
holaaa,saludo,sintetico,v1
holaaa?,saludo,sintetico,v1
holaaa?,saludo,sintetico,v1
quisiera saber holaaa,saludo,sintetico,v1
quisiera saber buenos dias,saludo,sintetico,v1
"me ayudas, agendar turno",agendar_cita,sintetico,v1
agendar turno?,agendar_cita,sintetico,v1
agendar turno por favor,agendar_cita,sintetico,v1
necesito una cita necesito informacion,agendar_cita,sintetico,v1
quiero atenderme necesito informacion,agendar_cita,sintetico,v1
quiero una consulta?,agendar_cita,sintetico,v1
"me ayudas, quiero reservar una consulta",agendar_cita,sintetico,v1
quiero atenderme necesito informacion,agendar_cita,sintetico,v1
necesito una cita gracias,agendar_cita,sintetico,v1
agenda una cita?,agendar_cita,sintetico,v1
sacar cita medica por favor,agendar_cita,sintetico,v1
reservar cita?,agendar_cita,sintetico,v1
quiero una consulta por favor,agendar_cita,sintetico,v1
quisiera saber reservar cita,agendar_cita,sintetico,v1
necesito una cita?,agendar_cita,sintetico,v1
agenda una cita necesito informacion,agendar_cita,sintetico,v1
hola quiero reservar una consulta,agendar_cita,sintetico,v1
hola reservar cita,agendar_cita,sintetico,v1
agendar turno necesito informacion,agendar_cita,sintetico,v1
necesito turno?,agendar_cita,sintetico,v1
reservar cita?,agendar_cita,sintetico,v1
quiero una consulta necesito informacion,agendar_cita,sintetico,v1
agendar turno necesito informacion,agendar_cita,sintetico,v1
reservar cita por favor,agendar_cita,sintetico,v1
"me ayudas, necesito una cita",agendar_cita,sintetico,v1
agenda una cita gracias,agendar_cita,sintetico,v1
quisiera saber quiero agendar una cita,agendar_cita,sintetico,v1
quisiera saber quiero agendar una cita,agendar_cita,sintetico,v1
"me ayudas, reservar cita",agendar_cita,sintetico,v1
agendar turno por favor,agendar_cita,sintetico,v1
hola agenda una cita,agendar_cita,sintetico,v1
sacar cita medica gracias,agendar_cita,sintetico,v1
hola agenda una cita,agendar_cita,sintetico,v1
hola sacar cita medica,agendar_cita,sintetico,v1
sacar cita medica por favor,agendar_cita,sintetico,v1
"me ayudas, quiero agendar una cita",agendar_cita,sintetico,v1
hola quiero reservar una consulta,agendar_cita,sintetico,v1
agendar turno?,agendar_cita,sintetico,v1
"me ayudas, quiero agendar una cita",agendar_cita,sintetico,v1
quiero agendar una cita gracias,agendar_cita,sintetico,v1
quisiera saber reservar cita,agendar_cita,sintetico,v1
agendar turno por favor,agendar_cita,sintetico,v1
reservar cita por favor,agendar_cita,sintetico,v1
quisiera saber necesito turno,agendar_cita,sintetico,v1
quiero agendar una cita gracias,agendar_cita,sintetico,v1
agendar turno gracias,agendar_cita,sintetico,v1
sacar cita medica?,agendar_cita,sintetico,v1
reservar cita necesito informacion,agendar_cita,sintetico,v1
agenda una cita por favor,agendar_cita,sintetico,v1
quiero atenderme gracias,agendar_cita,sintetico,v1
quiero reservar una consulta gracias,agendar_cita,sintetico,v1
"me ayudas, quiero una consulta",agendar_cita,sintetico,v1
quisiera saber reservar cita,agendar_cita,sintetico,v1
quiero agendar una cita gracias,agendar_cita,sintetico,v1
"me ayudas, quiero una consulta",agendar_cita,sintetico,v1
agenda una cita necesito informacion,agendar_cita,sintetico,v1
sacar cita medica gracias,agendar_cita,sintetico,v1
agenda una cita por favor,agendar_cita,sintetico,v1
quiero una consulta gracias,agendar_cita,sintetico,v1
quisiera saber agenda una cita,agendar_cita,sintetico,v1
"me ayudas, necesito turno",agendar_cita,sintetico,v1
quisiera saber quiero agendar una cita,agendar_cita,sintetico,v1
quiero reservar una consulta por favor,agendar_cita,sintetico,v1
reservar cita?,agendar_cita,sintetico,v1
reservar cita?,agendar_cita,sintetico,v1
quiero una consulta necesito informacion,agendar_cita,sintetico,v1
quiero reservar una consulta?,agendar_cita,sintetico,v1
quiero agendar una cita?,agendar_cita,sintetico,v1
sacar cita medica gracias,agendar_cita,sintetico,v1
"me ayudas, quiero una consulta",agendar_cita,sintetico,v1
"me ayudas, sacar cita medica",agendar_cita,sintetico,v1
quisiera saber agenda una cita,agendar_cita,sintetico,v1
quiero reservar una consulta?,agendar_cita,sintetico,v1
hola agendar turno,agendar_cita,sintetico,v1
reservar cita,agendar_cita,sintetico,v1
hola quiero atenderme,agendar_cita,sintetico,v1
agendar turno,agendar_cita,sintetico,v1
necesito turno necesito informacion,agendar_cita,sintetico,v1
hola reservar cita,agendar_cita,sintetico,v1
quisiera saber quiero reservar una consulta,agendar_cita,sintetico,v1
sacar cita medica,agendar_cita,sintetico,v1
quisiera saber sacar cita medica,agendar_cita,sintetico,v1
hola quiero reservar una consulta,agendar_cita,sintetico,v1
quiero reservar una consulta necesito informacion,agendar_cita,sintetico,v1
sacar cita medica por favor,agendar_cita,sintetico,v1
quiero agendar una cita gracias,agendar_cita,sintetico,v1
agenda una cita gracias,agendar_cita,sintetico,v1
hola reservar cita,agendar_cita,sintetico,v1
necesito turno necesito informacion,agendar_cita,sintetico,v1
quiero atenderme,agendar_cita,sintetico,v1
reservar cita?,agendar_cita,sintetico,v1
"me ayudas, sacar cita medica",agendar_cita,sintetico,v1
quiero agendar una cita?,agendar_cita,sintetico,v1
quiero agendar una cita,agendar_cita,sintetico,v1
hola sacar cita medica,agendar_cita,sintetico,v1
quiero reservar una consulta necesito informacion,agendar_cita,sintetico,v1
quisiera saber reservar cita,agendar_cita,sintetico,v1
quiero reservar una consulta,agendar_cita,sintetico,v1
quiero una consulta,agendar_cita,sintetico,v1
hola necesito turno,agendar_cita,sintetico,v1
"me ayudas, tarifa del servicio",cotizar_servicio,sintetico,v1
precio de laboratorio?,cotizar_servicio,sintetico,v1
cuanto cuesta gracias,cotizar_servicio,sintetico,v1
quisiera saber necesito una cotizacion,cotizar_servicio,sintetico,v1
cotizar examen por favor,cotizar_servicio,sintetico,v1
cuanto cuesta por favor,cotizar_servicio,sintetico,v1
precio de consulta?,cotizar_servicio,sintetico,v1
precio de laboratorio?,cotizar_servicio,sintetico,v1
me puede indicar el costo,cotizar_servicio,sintetico,v1
cuanto cuesta,cotizar_servicio,sintetico,v1
cuanto cuesta?,cotizar_servicio,sintetico,v1
quisiera saber valor de ecografia,cotizar_servicio,sintetico,v1
hola me puede indicar el costo,cotizar_servicio,sintetico,v1
tarifa del servicio por favor,cotizar_servicio,sintetico,v1
costo de tomografia?,cotizar_servicio,sintetico,v1
quisiera saber valor de ecografia,cotizar_servicio,sintetico,v1
"me ayudas, cuanto cuesta",cotizar_servicio,sintetico,v1
cuanto cuesta necesito informacion,cotizar_servicio,sintetico,v1
quisiera saber valor de ecografia,cotizar_servicio,sintetico,v1
cotizar examen necesito informacion,cotizar_servicio,sintetico,v1
quisiera saber tarifa del servicio,cotizar_servicio,sintetico,v1
precio de laboratorio?,cotizar_servicio,sintetico,v1
necesito una cotizacion necesito informacion,cotizar_servicio,sintetico,v1
cuanto cuesta,cotizar_servicio,sintetico,v1
cuanto vale por favor,cotizar_servicio,sintetico,v1
hola cotizar examen,cotizar_servicio,sintetico,v1
costo de tomografia gracias,cotizar_servicio,sintetico,v1
valor de ecografia gracias,cotizar_servicio,sintetico,v1
necesito una cotizacion gracias,cotizar_servicio,sintetico,v1
cuanto vale necesito informacion,cotizar_servicio,sintetico,v1
precio de laboratorio por favor,cotizar_servicio,sintetico,v1
"me ayudas, necesito una cotizacion",cotizar_servicio,sintetico,v1
cuanto vale,cotizar_servicio,sintetico,v1
hola necesito una cotizacion,cotizar_servicio,sintetico,v1
me puede indicar el costo?,cotizar_servicio,sintetico,v1
me puede indicar el costo?,cotizar_servicio,sintetico,v1
precio de consulta?,cotizar_servicio,sintetico,v1
costo de tomografia?,cotizar_servicio,sintetico,v1
cotizar examen por favor,cotizar_servicio,sintetico,v1
valor de ecografia necesito informacion,cotizar_servicio,sintetico,v1
"me ayudas, costo de tomografia",cotizar_servicio,sintetico,v1
costo de tomografia?,cotizar_servicio,sintetico,v1
cuanto vale,cotizar_servicio,sintetico,v1
quisiera saber tarifa del servicio,cotizar_servicio,sintetico,v1
valor de ecografia gracias,cotizar_servicio,sintetico,v1
quisiera saber me puede indicar el costo,cotizar_servicio,sintetico,v1
"me ayudas, costo de tomografia",cotizar_servicio,sintetico,v1
hola tarifa del servicio,cotizar_servicio,sintetico,v1
quisiera saber necesito una cotizacion,cotizar_servicio,sintetico,v1
valor de ecografia gracias,cotizar_servicio,sintetico,v1
quisiera saber valor de ecografia,cotizar_servicio,sintetico,v1
cotizar examen?,cotizar_servicio,sintetico,v1
me puede indicar el costo,cotizar_servicio,sintetico,v1
cotizar examen necesito informacion,cotizar_servicio,sintetico,v1
cotizar examen gracias,cotizar_servicio,sintetico,v1
costo de tomografia,cotizar_servicio,sintetico,v1
costo de tomografia necesito informacion,cotizar_servicio,sintetico,v1
quisiera saber tarifa del servicio,cotizar_servicio,sintetico,v1
cotizar examen,cotizar_servicio,sintetico,v1
hola cuanto cuesta,cotizar_servicio,sintetico,v1
hola me puede indicar el costo,cotizar_servicio,sintetico,v1
quisiera saber necesito una cotizacion,cotizar_servicio,sintetico,v1
quisiera saber cuanto cuesta,cotizar_servicio,sintetico,v1
"me ayudas, cotizar examen",cotizar_servicio,sintetico,v1
precio de consulta necesito informacion,cotizar_servicio,sintetico,v1
quisiera saber costo de tomografia,cotizar_servicio,sintetico,v1
"me ayudas, valor de ecografia",cotizar_servicio,sintetico,v1
quisiera saber cotizar examen,cotizar_servicio,sintetico,v1
tarifa del servicio necesito informacion,cotizar_servicio,sintetico,v1
hola me puede indicar el costo,cotizar_servicio,sintetico,v1
valor de ecografia,cotizar_servicio,sintetico,v1
me puede indicar el costo,cotizar_servicio,sintetico,v1
"me ayudas, valor de ecografia",cotizar_servicio,sintetico,v1
cuanto vale por favor,cotizar_servicio,sintetico,v1
hola costo de tomografia,cotizar_servicio,sintetico,v1
quisiera saber necesito una cotizacion,cotizar_servicio,sintetico,v1
"me ayudas, costo de tomografia",cotizar_servicio,sintetico,v1
cuanto cuesta?,cotizar_servicio,sintetico,v1
"me ayudas, cuanto cuesta",cotizar_servicio,sintetico,v1
cotizar examen,cotizar_servicio,sintetico,v1
cotizar examen?,cotizar_servicio,sintetico,v1
"me ayudas, cotizar examen",cotizar_servicio,sintetico,v1
"me ayudas, costo de tomografia",cotizar_servicio,sintetico,v1
valor de ecografia,cotizar_servicio,sintetico,v1
quisiera saber necesito una cotizacion,cotizar_servicio,sintetico,v1
cotizar examen por favor,cotizar_servicio,sintetico,v1
valor de ecografia,cotizar_servicio,sintetico,v1
precio de laboratorio,cotizar_servicio,sintetico,v1
hola costo de tomografia,cotizar_servicio,sintetico,v1
"me ayudas, costo de tomografia",cotizar_servicio,sintetico,v1
me puede indicar el costo,cotizar_servicio,sintetico,v1
hola cotizar examen,cotizar_servicio,sintetico,v1
valor de ecografia,cotizar_servicio,sintetico,v1
precio de consulta necesito informacion,cotizar_servicio,sintetico,v1
quisiera saber cotizar examen,cotizar_servicio,sintetico,v1
costo de tomografia,cotizar_servicio,sintetico,v1
quisiera saber tarifa del servicio,cotizar_servicio,sintetico,v1
cuanto vale por favor,cotizar_servicio,sintetico,v1
"me ayudas, precio de consulta",cotizar_servicio,sintetico,v1
valor de ecografia por favor,cotizar_servicio,sintetico,v1
tienen traumatologia por favor,consulta_especialidades,sintetico,v1
atienden neurologia por favor,consulta_especialidades,sintetico,v1
"me ayudas, especialidades disponibles",consulta_especialidades,sintetico,v1
cuentan con cardiologia por favor,consulta_especialidades,sintetico,v1
tienen traumatologia necesito informacion,consulta_especialidades,sintetico,v1
hay urologia necesito informacion,consulta_especialidades,sintetico,v1
hola especialidades disponibles,consulta_especialidades,sintetico,v1
tienen ginecologia?,consulta_especialidades,sintetico,v1
atienden pediatria por favor,consulta_especialidades,sintetico,v1
hola tienen traumatologia,consulta_especialidades,sintetico,v1
hola hay dermatologia,consulta_especialidades,sintetico,v1
hola hay urologia,consulta_especialidades,sintetico,v1
tienen traumatologia,consulta_especialidades,sintetico,v1
hay urologia necesito informacion,consulta_especialidades,sintetico,v1
"me ayudas, tienen ginecologia",consulta_especialidades,sintetico,v1
hay medicina general necesito informacion,consulta_especialidades,sintetico,v1
hola hay dermatologia,consulta_especialidades,sintetico,v1
quisiera saber especialidades disponibles,consulta_especialidades,sintetico,v1
hola cuentan con cardiologia,consulta_especialidades,sintetico,v1
hay dermatologia gracias,consulta_especialidades,sintetico,v1
tienen traumatologia,consulta_especialidades,sintetico,v1
hay medicina general?,consulta_especialidades,sintetico,v1
hay urologia?,consulta_especialidades,sintetico,v1
tienen ginecologia gracias,consulta_especialidades,sintetico,v1
atienden pediatria?,consulta_especialidades,sintetico,v1
atienden neurologia?,consulta_especialidades,sintetico,v1
"me ayudas, hay dermatologia",consulta_especialidades,sintetico,v1
hay urologia,consulta_especialidades,sintetico,v1
"me ayudas, tienen ginecologia",consulta_especialidades,sintetico,v1
atienden neurologia por favor,consulta_especialidades,sintetico,v1
quisiera saber cuentan con cardiologia,consulta_especialidades,sintetico,v1
atienden neurologia gracias,consulta_especialidades,sintetico,v1
"me ayudas, cuentan con cardiologia",consulta_especialidades,sintetico,v1
atienden pediatria?,consulta_especialidades,sintetico,v1
atienden neurologia por favor,consulta_especialidades,sintetico,v1
atienden pediatria por favor,consulta_especialidades,sintetico,v1
hay dermatologia necesito informacion,consulta_especialidades,sintetico,v1
atienden neurologia necesito informacion,consulta_especialidades,sintetico,v1
hola atienden pediatria,consulta_especialidades,sintetico,v1
hola hay urologia,consulta_especialidades,sintetico,v1
quisiera saber cuentan con cardiologia,consulta_especialidades,sintetico,v1
tienen traumatologia?,consulta_especialidades,sintetico,v1
quisiera saber hay dermatologia,consulta_especialidades,sintetico,v1
atienden pediatria?,consulta_especialidades,sintetico,v1
cuentan con cardiologia,consulta_especialidades,sintetico,v1
hay dermatologia por favor,consulta_especialidades,sintetico,v1
hola hay medicina general,consulta_especialidades,sintetico,v1
especialidades disponibles gracias,consulta_especialidades,sintetico,v1
que especialidades tienen por favor,consulta_especialidades,sintetico,v1
quisiera saber especialidades disponibles,consulta_especialidades,sintetico,v1
hay urologia?,consulta_especialidades,sintetico,v1
quisiera saber cuentan con cardiologia,consulta_especialidades,sintetico,v1
cuentan con cardiologia por favor,consulta_especialidades,sintetico,v1
"me ayudas, hay dermatologia",consulta_especialidades,sintetico,v1
"me ayudas, que especialidades tienen",consulta_especialidades,sintetico,v1
tienen ginecologia?,consulta_especialidades,sintetico,v1
hay urologia gracias,consulta_especialidades,sintetico,v1
"me ayudas, atienden pediatria",consulta_especialidades,sintetico,v1
especialidades disponibles?,consulta_especialidades,sintetico,v1
"me ayudas, cuentan con cardiologia",consulta_especialidades,sintetico,v1
"me ayudas, atienden neurologia",consulta_especialidades,sintetico,v1
atienden pediatria necesito informacion,consulta_especialidades,sintetico,v1
hola atienden pediatria,consulta_especialidades,sintetico,v1
"me ayudas, tienen traumatologia",consulta_especialidades,sintetico,v1
hola cuentan con cardiologia,consulta_especialidades,sintetico,v1
que especialidades tienen por favor,consulta_especialidades,sintetico,v1
"me ayudas, que especialidades tienen",consulta_especialidades,sintetico,v1
quisiera saber que especialidades tienen,consulta_especialidades,sintetico,v1
hay urologia,consulta_especialidades,sintetico,v1
hola cuentan con cardiologia,consulta_especialidades,sintetico,v1
hola especialidades disponibles,consulta_especialidades,sintetico,v1
tienen traumatologia,consulta_especialidades,sintetico,v1
hay dermatologia gracias,consulta_especialidades,sintetico,v1
"me ayudas, hay dermatologia",consulta_especialidades,sintetico,v1
quisiera saber tienen ginecologia,consulta_especialidades,sintetico,v1
atienden pediatria por favor,consulta_especialidades,sintetico,v1
que especialidades tienen gracias,consulta_especialidades,sintetico,v1
hay dermatologia,consulta_especialidades,sintetico,v1
atienden pediatria,consulta_especialidades,sintetico,v1
hay dermatologia?,consulta_especialidades,sintetico,v1
hay urologia,consulta_especialidades,sintetico,v1
tienen traumatologia,consulta_especialidades,sintetico,v1
cuentan con cardiologia necesito informacion,consulta_especialidades,sintetico,v1
hola hay dermatologia,consulta_especialidades,sintetico,v1
cuentan con cardiologia gracias,consulta_especialidades,sintetico,v1
"me ayudas, hay dermatologia",consulta_especialidades,sintetico,v1
"me ayudas, especialidades disponibles",consulta_especialidades,sintetico,v1
hay urologia?,consulta_especialidades,sintetico,v1
hay urologia por favor,consulta_especialidades,sintetico,v1
quisiera saber tienen traumatologia,consulta_especialidades,sintetico,v1
"me ayudas, atienden neurologia",consulta_especialidades,sintetico,v1
especialidades disponibles,consulta_especialidades,sintetico,v1
tienen traumatologia por favor,consulta_especialidades,sintetico,v1
atienden neurologia necesito informacion,consulta_especialidades,sintetico,v1
hola hay urologia,consulta_especialidades,sintetico,v1
quisiera saber tienen traumatologia,consulta_especialidades,sintetico,v1
"me ayudas, tienen ginecologia",consulta_especialidades,sintetico,v1
hay dermatologia por favor,consulta_especialidades,sintetico,v1
hay dermatologia?,consulta_especialidades,sintetico,v1
"me ayudas, hay urologia",consulta_especialidades,sintetico,v1
hola tienen laboratorio,consulta_servicios,sintetico,v1
"me ayudas, que servicios ofrecen",consulta_servicios,sintetico,v1
hacen tomografias,consulta_servicios,sintetico,v1
quisiera saber hacen chequeos,consulta_servicios,sintetico,v1
"me ayudas, hacen chequeos",consulta_servicios,sintetico,v1
quisiera saber que servicios ofrecen,consulta_servicios,sintetico,v1
"me ayudas, hacen chequeos",consulta_servicios,sintetico,v1
quisiera saber hacen chequeos,consulta_servicios,sintetico,v1
hacen resonancias,consulta_servicios,sintetico,v1
hacen chequeos gracias,consulta_servicios,sintetico,v1
que servicios ofrecen,consulta_servicios,sintetico,v1
tienen laboratorio,consulta_servicios,sintetico,v1
tienen laboratorio,consulta_servicios,sintetico,v1
realizan papanicolaou por favor,consulta_servicios,sintetico,v1
quisiera saber tienen rayos x,consulta_servicios,sintetico,v1
quisiera saber tienen rayos x,consulta_servicios,sintetico,v1
realizan papanicolaou necesito informacion,consulta_servicios,sintetico,v1
quisiera saber realizan papanicolaou,consulta_servicios,sintetico,v1
hola realizan ecografias,consulta_servicios,sintetico,v1
realizan examenes necesito informacion,consulta_servicios,sintetico,v1
hacen tomografias,consulta_servicios,sintetico,v1
realizan papanicolaou,consulta_servicios,sintetico,v1
realizan ecografias,consulta_servicios,sintetico,v1
tienen laboratorio?,consulta_servicios,sintetico,v1
realizan ecografias necesito informacion,consulta_servicios,sintetico,v1
realizan papanicolaou gracias,consulta_servicios,sintetico,v1
"me ayudas, hacen tomografias",consulta_servicios,sintetico,v1
realizan ecografias,consulta_servicios,sintetico,v1
quisiera saber tienen rayos x,consulta_servicios,sintetico,v1
"me ayudas, realizan examenes",consulta_servicios,sintetico,v1
"me ayudas, realizan papanicolaou",consulta_servicios,sintetico,v1
hola tienen laboratorio,consulta_servicios,sintetico,v1
quisiera saber realizan papanicolaou,consulta_servicios,sintetico,v1
ofrecen imagenologia?,consulta_servicios,sintetico,v1
realizan ecografias necesito informacion,consulta_servicios,sintetico,v1
tienen laboratorio,consulta_servicios,sintetico,v1
realizan ecografias necesito informacion,consulta_servicios,sintetico,v1
realizan papanicolaou,consulta_servicios,sintetico,v1
realizan papanicolaou?,consulta_servicios,sintetico,v1
hacen chequeos gracias,consulta_servicios,sintetico,v1
ofrecen imagenologia gracias,consulta_servicios,sintetico,v1
realizan papanicolaou,consulta_servicios,sintetico,v1
hacen chequeos?,consulta_servicios,sintetico,v1
hacen chequeos gracias,consulta_servicios,sintetico,v1
hola realizan examenes,consulta_servicios,sintetico,v1
quisiera saber hacen tomografias,consulta_servicios,sintetico,v1
"me ayudas, hacen tomografias",consulta_servicios,sintetico,v1
hacen resonancias?,consulta_servicios,sintetico,v1
realizan examenes,consulta_servicios,sintetico,v1
realizan ecografias,consulta_servicios,sintetico,v1
"me ayudas, hacen resonancias",consulta_servicios,sintetico,v1
quisiera saber realizan ecografias,consulta_servicios,sintetico,v1
realizan papanicolaou necesito informacion,consulta_servicios,sintetico,v1
hacen chequeos,consulta_servicios,sintetico,v1
hacen resonancias por favor,consulta_servicios,sintetico,v1
tienen laboratorio necesito informacion,consulta_servicios,sintetico,v1
realizan ecografias por favor,consulta_servicios,sintetico,v1
hacen chequeos por favor,consulta_servicios,sintetico,v1
realizan papanicolaou necesito informacion,consulta_servicios,sintetico,v1
"me ayudas, ofrecen imagenologia",consulta_servicios,sintetico,v1
tienen laboratorio?,consulta_servicios,sintetico,v1
realizan papanicolaou gracias,consulta_servicios,sintetico,v1
quisiera saber que servicios ofrecen,consulta_servicios,sintetico,v1
hacen tomografias?,consulta_servicios,sintetico,v1
tienen laboratorio necesito informacion,consulta_servicios,sintetico,v1
ofrecen imagenologia por favor,consulta_servicios,sintetico,v1
que servicios ofrecen por favor,consulta_servicios,sintetico,v1
quisiera saber tienen laboratorio,consulta_servicios,sintetico,v1
hola realizan ecografias,consulta_servicios,sintetico,v1
hacen tomografias gracias,consulta_servicios,sintetico,v1
hacen chequeos necesito informacion,consulta_servicios,sintetico,v1
hola hacen tomografias,consulta_servicios,sintetico,v1
"me ayudas, hacen chequeos",consulta_servicios,sintetico,v1
"me ayudas, ofrecen imagenologia",consulta_servicios,sintetico,v1
hola realizan ecografias,consulta_servicios,sintetico,v1
realizan examenes?,consulta_servicios,sintetico,v1
hola tienen rayos x,consulta_servicios,sintetico,v1
que servicios ofrecen por favor,consulta_servicios,sintetico,v1
tienen rayos x necesito informacion,consulta_servicios,sintetico,v1
hola realizan ecografias,consulta_servicios,sintetico,v1
quisiera saber hacen resonancias,consulta_servicios,sintetico,v1
"me ayudas, realizan examenes",consulta_servicios,sintetico,v1
hola tienen rayos x,consulta_servicios,sintetico,v1
hola tienen laboratorio,consulta_servicios,sintetico,v1
hacen chequeos gracias,consulta_servicios,sintetico,v1
hacen resonancias necesito informacion,consulta_servicios,sintetico,v1
hola hacen tomografias,consulta_servicios,sintetico,v1
ofrecen imagenologia?,consulta_servicios,sintetico,v1
hacen tomografias necesito informacion,consulta_servicios,sintetico,v1
ofrecen imagenologia,consulta_servicios,sintetico,v1
hola hacen tomografias,consulta_servicios,sintetico,v1
hacen chequeos por favor,consulta_servicios,sintetico,v1
quisiera saber hacen tomografias,consulta_servicios,sintetico,v1
realizan ecografias gracias,consulta_servicios,sintetico,v1
que servicios ofrecen?,consulta_servicios,sintetico,v1
ofrecen imagenologia,consulta_servicios,sintetico,v1
ofrecen imagenologia por favor,consulta_servicios,sintetico,v1
hola realizan papanicolaou,consulta_servicios,sintetico,v1
tienen laboratorio por favor,consulta_servicios,sintetico,v1
hacen tomografias necesito informacion,consulta_servicios,sintetico,v1
quisiera saber hay alguna promo,consultar_promociones,sintetico,v1
quisiera saber promociones del mes,consultar_promociones,sintetico,v1
promociones vigentes necesito informacion,consultar_promociones,sintetico,v1
beneficios disponibles gracias,consultar_promociones,sintetico,v1
promociones del mes gracias,consultar_promociones,sintetico,v1
hay alguna promo necesito informacion,consultar_promociones,sintetico,v1
"me ayudas, hay descuentos",consultar_promociones,sintetico,v1
campañas actuales necesito informacion,consultar_promociones,sintetico,v1
tienen promociones?,consultar_promociones,sintetico,v1
quisiera saber promociones del mes,consultar_promociones,sintetico,v1
ofertas disponibles,consultar_promociones,sintetico,v1
"me ayudas, ofertas disponibles",consultar_promociones,sintetico,v1
que descuentos tienen,consultar_promociones,sintetico,v1
tienen promociones?,consultar_promociones,sintetico,v1
hola promociones del mes,consultar_promociones,sintetico,v1
que descuentos tienen?,consultar_promociones,sintetico,v1
"me ayudas, ofertas disponibles",consultar_promociones,sintetico,v1
beneficios disponibles,consultar_promociones,sintetico,v1
hola ofertas disponibles,consultar_promociones,sintetico,v1
ofertas disponibles necesito informacion,consultar_promociones,sintetico,v1
promociones vigentes,consultar_promociones,sintetico,v1
beneficios disponibles?,consultar_promociones,sintetico,v1
hay alguna promo?,consultar_promociones,sintetico,v1
"me ayudas, hay descuentos",consultar_promociones,sintetico,v1
hay descuentos necesito informacion,consultar_promociones,sintetico,v1
promociones del mes gracias,consultar_promociones,sintetico,v1
beneficios disponibles,consultar_promociones,sintetico,v1
que descuentos tienen por favor,consultar_promociones,sintetico,v1
"me ayudas, ofertas disponibles",consultar_promociones,sintetico,v1
tienen promociones necesito informacion,consultar_promociones,sintetico,v1
promociones del mes necesito informacion,consultar_promociones,sintetico,v1
quisiera saber beneficios disponibles,consultar_promociones,sintetico,v1
"me ayudas, beneficios disponibles",consultar_promociones,sintetico,v1
campañas actuales gracias,consultar_promociones,sintetico,v1
promociones vigentes,consultar_promociones,sintetico,v1
promociones del mes gracias,consultar_promociones,sintetico,v1
hola ofertas disponibles,consultar_promociones,sintetico,v1
hay alguna promo necesito informacion,consultar_promociones,sintetico,v1
quisiera saber beneficios disponibles,consultar_promociones,sintetico,v1
hay alguna promo necesito informacion,consultar_promociones,sintetico,v1
precios promocionales por favor,consultar_promociones,sintetico,v1
beneficios disponibles gracias,consultar_promociones,sintetico,v1
"me ayudas, beneficios disponibles",consultar_promociones,sintetico,v1
hay descuentos necesito informacion,consultar_promociones,sintetico,v1
hola promociones vigentes,consultar_promociones,sintetico,v1
hola campañas actuales,consultar_promociones,sintetico,v1
tienen promociones,consultar_promociones,sintetico,v1
ofertas disponibles necesito informacion,consultar_promociones,sintetico,v1
quisiera saber hay descuentos,consultar_promociones,sintetico,v1
hay descuentos gracias,consultar_promociones,sintetico,v1
"me ayudas, ofertas disponibles",consultar_promociones,sintetico,v1
tienen promociones?,consultar_promociones,sintetico,v1
tienen promociones,consultar_promociones,sintetico,v1
"me ayudas, hay alguna promo",consultar_promociones,sintetico,v1
hola precios promocionales,consultar_promociones,sintetico,v1
promociones vigentes por favor,consultar_promociones,sintetico,v1
"me ayudas, que descuentos tienen",consultar_promociones,sintetico,v1
hola ofertas disponibles,consultar_promociones,sintetico,v1
que descuentos tienen por favor,consultar_promociones,sintetico,v1
quisiera saber hay descuentos,consultar_promociones,sintetico,v1
hay descuentos,consultar_promociones,sintetico,v1
ofertas disponibles,consultar_promociones,sintetico,v1
"me ayudas, beneficios disponibles",consultar_promociones,sintetico,v1
precios promocionales gracias,consultar_promociones,sintetico,v1
quisiera saber precios promocionales,consultar_promociones,sintetico,v1
hola precios promocionales,consultar_promociones,sintetico,v1
que descuentos tienen por favor,consultar_promociones,sintetico,v1
hola promociones vigentes,consultar_promociones,sintetico,v1
quisiera saber beneficios disponibles,consultar_promociones,sintetico,v1
campañas actuales necesito informacion,consultar_promociones,sintetico,v1
ofertas disponibles,consultar_promociones,sintetico,v1
hay descuentos por favor,consultar_promociones,sintetico,v1
que descuentos tienen?,consultar_promociones,sintetico,v1
"me ayudas, hay alguna promo",consultar_promociones,sintetico,v1
precios promocionales,consultar_promociones,sintetico,v1
"me ayudas, ofertas disponibles",consultar_promociones,sintetico,v1
que descuentos tienen?,consultar_promociones,sintetico,v1
hay descuentos gracias,consultar_promociones,sintetico,v1
campañas actuales por favor,consultar_promociones,sintetico,v1
campañas actuales gracias,consultar_promociones,sintetico,v1
hay descuentos necesito informacion,consultar_promociones,sintetico,v1
ofertas disponibles?,consultar_promociones,sintetico,v1
promociones del mes?,consultar_promociones,sintetico,v1
que descuentos tienen?,consultar_promociones,sintetico,v1
tienen promociones por favor,consultar_promociones,sintetico,v1
quisiera saber beneficios disponibles,consultar_promociones,sintetico,v1
quisiera saber tienen promociones,consultar_promociones,sintetico,v1
ofertas disponibles,consultar_promociones,sintetico,v1
hola promociones vigentes,consultar_promociones,sintetico,v1
ofertas disponibles necesito informacion,consultar_promociones,sintetico,v1
hay descuentos,consultar_promociones,sintetico,v1
campañas actuales?,consultar_promociones,sintetico,v1
hola hay alguna promo,consultar_promociones,sintetico,v1
hay alguna promo gracias,consultar_promociones,sintetico,v1
tienen promociones necesito informacion,consultar_promociones,sintetico,v1
quisiera saber hay descuentos,consultar_promociones,sintetico,v1
hola que descuentos tienen,consultar_promociones,sintetico,v1
quisiera saber precios promocionales,consultar_promociones,sintetico,v1
"me ayudas, promociones vigentes",consultar_promociones,sintetico,v1
"me ayudas, hay alguna promo",consultar_promociones,sintetico,v1
quisiera saber horario de atencion,consultar_horario,sintetico,v1
quisiera saber horario del laboratorio,consultar_horario,sintetico,v1
horarios disponibles necesito informacion,consultar_horario,sintetico,v1
cuando atienden?,consultar_horario,sintetico,v1
a que hora atienden?,consultar_horario,sintetico,v1
"me ayudas, abren los sabados",consultar_horario,sintetico,v1
a que hora atienden por favor,consultar_horario,sintetico,v1
atienden en la tarde necesito informacion,consultar_horario,sintetico,v1
atienden en la tarde gracias,consultar_horario,sintetico,v1
a que hora atienden gracias,consultar_horario,sintetico,v1
hola a que hora atienden,consultar_horario,sintetico,v1
horarios disponibles gracias,consultar_horario,sintetico,v1
a que hora atienden?,consultar_horario,sintetico,v1
quisiera saber abren los sabados,consultar_horario,sintetico,v1
cual es el horario necesito informacion,consultar_horario,sintetico,v1
cuando atienden gracias,consultar_horario,sintetico,v1
quisiera saber a que hora atienden,consultar_horario,sintetico,v1
atienden en la tarde,consultar_horario,sintetico,v1
cual es el horario necesito informacion,consultar_horario,sintetico,v1
abren los sabados?,consultar_horario,sintetico,v1
hasta que hora trabajan?,consultar_horario,sintetico,v1
quisiera saber atienden en la tarde,consultar_horario,sintetico,v1
abren hoy necesito informacion,consultar_horario,sintetico,v1
"me ayudas, hasta que hora trabajan",consultar_horario,sintetico,v1
cual es el horario gracias,consultar_horario,sintetico,v1
a que hora atienden necesito informacion,consultar_horario,sintetico,v1
"me ayudas, abren los sabados",consultar_horario,sintetico,v1
hasta que hora trabajan por favor,consultar_horario,sintetico,v1
abren hoy?,consultar_horario,sintetico,v1
hasta que hora trabajan?,consultar_horario,sintetico,v1
"me ayudas, hasta que hora trabajan",consultar_horario,sintetico,v1
cuando atienden por favor,consultar_horario,sintetico,v1
abren los sabados gracias,consultar_horario,sintetico,v1
horario de atencion,consultar_horario,sintetico,v1
a que hora atienden?,consultar_horario,sintetico,v1
horario del laboratorio,consultar_horario,sintetico,v1
"me ayudas, cuando atienden",consultar_horario,sintetico,v1
hola horario del laboratorio,consultar_horario,sintetico,v1
cuando atienden?,consultar_horario,sintetico,v1
"me ayudas, cual es el horario",consultar_horario,sintetico,v1
abren hoy por favor,consultar_horario,sintetico,v1
horario del laboratorio,consultar_horario,sintetico,v1
abren hoy por favor,consultar_horario,sintetico,v1
horario de atencion por favor,consultar_horario,sintetico,v1
hola abren los sabados,consultar_horario,sintetico,v1
quisiera saber horarios disponibles,consultar_horario,sintetico,v1
hola a que hora atienden,consultar_horario,sintetico,v1
hasta que hora trabajan por favor,consultar_horario,sintetico,v1
cual es el horario?,consultar_horario,sintetico,v1
horario del laboratorio necesito informacion,consultar_horario,sintetico,v1
hola cual es el horario,consultar_horario,sintetico,v1
quisiera saber hasta que hora trabajan,consultar_horario,sintetico,v1
abren los sabados?,consultar_horario,sintetico,v1
horario del laboratorio necesito informacion,consultar_horario,sintetico,v1
abren hoy,consultar_horario,sintetico,v1
quisiera saber a que hora atienden,consultar_horario,sintetico,v1
quisiera saber a que hora atienden,consultar_horario,sintetico,v1
cual es el horario gracias,consultar_horario,sintetico,v1
a que hora atienden gracias,consultar_horario,sintetico,v1
hola cuando atienden,consultar_horario,sintetico,v1
hola atienden en la tarde,consultar_horario,sintetico,v1
abren hoy,consultar_horario,sintetico,v1
quisiera saber horarios disponibles,consultar_horario,sintetico,v1
horario de atencion necesito informacion,consultar_horario,sintetico,v1
horario del laboratorio,consultar_horario,sintetico,v1
horarios disponibles gracias,consultar_horario,sintetico,v1
"me ayudas, abren hoy",consultar_horario,sintetico,v1
cual es el horario necesito informacion,consultar_horario,sintetico,v1
cual es el horario por favor,consultar_horario,sintetico,v1
quisiera saber a que hora atienden,consultar_horario,sintetico,v1
quisiera saber cuando atienden,consultar_horario,sintetico,v1
hasta que hora trabajan necesito informacion,consultar_horario,sintetico,v1
"me ayudas, cual es el horario",consultar_horario,sintetico,v1
hola horario de atencion,consultar_horario,sintetico,v1
horarios disponibles por favor,consultar_horario,sintetico,v1
hasta que hora trabajan gracias,consultar_horario,sintetico,v1
cual es el horario por favor,consultar_horario,sintetico,v1
atienden en la tarde,consultar_horario,sintetico,v1
atienden en la tarde?,consultar_horario,sintetico,v1
abren hoy?,consultar_horario,sintetico,v1
abren los sabados,consultar_horario,sintetico,v1
horarios disponibles gracias,consultar_horario,sintetico,v1
cuando atienden?,consultar_horario,sintetico,v1
"me ayudas, abren hoy",consultar_horario,sintetico,v1
hasta que hora trabajan?,consultar_horario,sintetico,v1
"me ayudas, hasta que hora trabajan",consultar_horario,sintetico,v1
a que hora atienden?,consultar_horario,sintetico,v1
horario del laboratorio gracias,consultar_horario,sintetico,v1
hola atienden en la tarde,consultar_horario,sintetico,v1
quisiera saber horario del laboratorio,consultar_horario,sintetico,v1
abren los sabados,consultar_horario,sintetico,v1
cual es el horario gracias,consultar_horario,sintetico,v1
horario de atencion?,consultar_horario,sintetico,v1
abren los sabados necesito informacion,consultar_horario,sintetico,v1
horarios disponibles?,consultar_horario,sintetico,v1
abren hoy por favor,consultar_horario,sintetico,v1
horarios disponibles por favor,consultar_horario,sintetico,v1
quisiera saber abren hoy,consultar_horario,sintetico,v1
a que hora atienden necesito informacion,consultar_horario,sintetico,v1
"me ayudas, horario de atencion",consultar_horario,sintetico,v1
"me ayudas, donde quedan",consultar_ubicacion,sintetico,v1
ubicacion necesito informacion,consultar_ubicacion,sintetico,v1
direccion exacta necesito informacion,consultar_ubicacion,sintetico,v1
donde estan ubicados necesito informacion,consultar_ubicacion,sintetico,v1
quisiera saber direccion exacta,consultar_ubicacion,sintetico,v1
quisiera saber envie la ubicacion,consultar_ubicacion,sintetico,v1
donde quedan,consultar_ubicacion,sintetico,v1
"me ayudas, donde quedan",consultar_ubicacion,sintetico,v1
como llegar a famysalud gracias,consultar_ubicacion,sintetico,v1
quisiera saber envie la ubicacion,consultar_ubicacion,sintetico,v1
direccion exacta,consultar_ubicacion,sintetico,v1
hola direccion del centro medico,consultar_ubicacion,sintetico,v1
quisiera saber direccion exacta,consultar_ubicacion,sintetico,v1
direccion del centro medico necesito informacion,consultar_ubicacion,sintetico,v1
donde quedan gracias,consultar_ubicacion,sintetico,v1
hola direccion del centro medico,consultar_ubicacion,sintetico,v1
donde quedan,consultar_ubicacion,sintetico,v1
quisiera saber direccion del centro medico,consultar_ubicacion,sintetico,v1
direccion del centro medico por favor,consultar_ubicacion,sintetico,v1
donde quedan necesito informacion,consultar_ubicacion,sintetico,v1
donde quedan por favor,consultar_ubicacion,sintetico,v1
hola donde quedan,consultar_ubicacion,sintetico,v1
como llego?,consultar_ubicacion,sintetico,v1
"me ayudas, como llego",consultar_ubicacion,sintetico,v1
"me ayudas, direccion exacta",consultar_ubicacion,sintetico,v1
me comparte la direccion gracias,consultar_ubicacion,sintetico,v1
mapa de ubicacion necesito informacion,consultar_ubicacion,sintetico,v1
quisiera saber donde estan ubicados,consultar_ubicacion,sintetico,v1
como llego por favor,consultar_ubicacion,sintetico,v1
como llegar a famysalud gracias,consultar_ubicacion,sintetico,v1
hola donde estan ubicados,consultar_ubicacion,sintetico,v1
como llego necesito informacion,consultar_ubicacion,sintetico,v1
hola donde estan ubicados,consultar_ubicacion,sintetico,v1
como llegar a famysalud gracias,consultar_ubicacion,sintetico,v1
"me ayudas, donde estan ubicados",consultar_ubicacion,sintetico,v1
como llego por favor,consultar_ubicacion,sintetico,v1
hola como llego,consultar_ubicacion,sintetico,v1
"me ayudas, direccion del centro medico",consultar_ubicacion,sintetico,v1
hola donde estan ubicados,consultar_ubicacion,sintetico,v1
mapa de ubicacion?,consultar_ubicacion,sintetico,v1
me comparte la direccion por favor,consultar_ubicacion,sintetico,v1
donde estan ubicados por favor,consultar_ubicacion,sintetico,v1
direccion exacta por favor,consultar_ubicacion,sintetico,v1
hola mapa de ubicacion,consultar_ubicacion,sintetico,v1
direccion exacta gracias,consultar_ubicacion,sintetico,v1
hola como llegar a famysalud,consultar_ubicacion,sintetico,v1
quisiera saber como llegar a famysalud,consultar_ubicacion,sintetico,v1
direccion exacta por favor,consultar_ubicacion,sintetico,v1
como llegar a famysalud gracias,consultar_ubicacion,sintetico,v1
"me ayudas, me comparte la direccion",consultar_ubicacion,sintetico,v1
como llego necesito informacion,consultar_ubicacion,sintetico,v1
donde quedan por favor,consultar_ubicacion,sintetico,v1
quisiera saber como llego,consultar_ubicacion,sintetico,v1
donde estan ubicados?,consultar_ubicacion,sintetico,v1
mapa de ubicacion?,consultar_ubicacion,sintetico,v1
"me ayudas, direccion exacta",consultar_ubicacion,sintetico,v1
donde estan ubicados necesito informacion,consultar_ubicacion,sintetico,v1
quisiera saber donde quedan,consultar_ubicacion,sintetico,v1
envie la ubicacion por favor,consultar_ubicacion,sintetico,v1
ubicacion por favor,consultar_ubicacion,sintetico,v1
envie la ubicacion necesito informacion,consultar_ubicacion,sintetico,v1
envie la ubicacion necesito informacion,consultar_ubicacion,sintetico,v1
me comparte la direccion,consultar_ubicacion,sintetico,v1
"me ayudas, donde quedan",consultar_ubicacion,sintetico,v1
"me ayudas, como llego",consultar_ubicacion,sintetico,v1
ubicacion?,consultar_ubicacion,sintetico,v1
como llego por favor,consultar_ubicacion,sintetico,v1
hola envie la ubicacion,consultar_ubicacion,sintetico,v1
quisiera saber ubicacion,consultar_ubicacion,sintetico,v1
"me ayudas, me comparte la direccion",consultar_ubicacion,sintetico,v1
me comparte la direccion?,consultar_ubicacion,sintetico,v1
ubicacion,consultar_ubicacion,sintetico,v1
me comparte la direccion?,consultar_ubicacion,sintetico,v1
envie la ubicacion,consultar_ubicacion,sintetico,v1
como llegar a famysalud,consultar_ubicacion,sintetico,v1
"me ayudas, como llegar a famysalud",consultar_ubicacion,sintetico,v1
quisiera saber envie la ubicacion,consultar_ubicacion,sintetico,v1
mapa de ubicacion?,consultar_ubicacion,sintetico,v1
hola envie la ubicacion,consultar_ubicacion,sintetico,v1
hola como llegar a famysalud,consultar_ubicacion,sintetico,v1
como llego?,consultar_ubicacion,sintetico,v1
mapa de ubicacion necesito informacion,consultar_ubicacion,sintetico,v1
como llegar a famysalud por favor,consultar_ubicacion,sintetico,v1
"me ayudas, me comparte la direccion",consultar_ubicacion,sintetico,v1
mapa de ubicacion gracias,consultar_ubicacion,sintetico,v1
hola mapa de ubicacion,consultar_ubicacion,sintetico,v1
como llegar a famysalud,consultar_ubicacion,sintetico,v1
quisiera saber mapa de ubicacion,consultar_ubicacion,sintetico,v1
quisiera saber como llego,consultar_ubicacion,sintetico,v1
quisiera saber donde quedan,consultar_ubicacion,sintetico,v1
quisiera saber ubicacion,consultar_ubicacion,sintetico,v1
hola envie la ubicacion,consultar_ubicacion,sintetico,v1
me comparte la direccion por favor,consultar_ubicacion,sintetico,v1
quisiera saber donde quedan,consultar_ubicacion,sintetico,v1
donde estan ubicados por favor,consultar_ubicacion,sintetico,v1
envie la ubicacion,consultar_ubicacion,sintetico,v1
direccion del centro medico?,consultar_ubicacion,sintetico,v1
hola como llegar a famysalud,consultar_ubicacion,sintetico,v1
envie la ubicacion,consultar_ubicacion,sintetico,v1
envie la ubicacion?,consultar_ubicacion,sintetico,v1
como obtengo resultados necesito informacion,consultar_resultados,sintetico,v1
resultado de examenes necesito informacion,consultar_resultados,sintetico,v1
retirar resultados necesito informacion,consultar_resultados,sintetico,v1
"me ayudas, ver resultados",consultar_resultados,sintetico,v1
"me ayudas, consultar resultados",consultar_resultados,sintetico,v1
mis estudios gracias,consultar_resultados,sintetico,v1
resultados de laboratorio necesito informacion,consultar_resultados,sintetico,v1
retirar resultados gracias,consultar_resultados,sintetico,v1
mis examenes gracias,consultar_resultados,sintetico,v1
mis examenes?,consultar_resultados,sintetico,v1
hola como obtengo resultados,consultar_resultados,sintetico,v1
retirar resultados,consultar_resultados,sintetico,v1
mis examenes por favor,consultar_resultados,sintetico,v1
"me ayudas, mis examenes",consultar_resultados,sintetico,v1
mis examenes,consultar_resultados,sintetico,v1
consultar resultados gracias,consultar_resultados,sintetico,v1
quisiera saber consultar resultados,consultar_resultados,sintetico,v1
como obtengo resultados?,consultar_resultados,sintetico,v1
hola resultado de examenes,consultar_resultados,sintetico,v1
quiero mis resultados necesito informacion,consultar_resultados,sintetico,v1
quisiera saber como obtengo resultados,consultar_resultados,sintetico,v1
hola resultados de laboratorio,consultar_resultados,sintetico,v1
retirar resultados gracias,consultar_resultados,sintetico,v1
hola mis examenes,consultar_resultados,sintetico,v1
resultado de examenes,consultar_resultados,sintetico,v1
"me ayudas, ver resultados",consultar_resultados,sintetico,v1
mis examenes,consultar_resultados,sintetico,v1
ver resultados?,consultar_resultados,sintetico,v1
"me ayudas, retirar resultados",consultar_resultados,sintetico,v1
resultados de laboratorio por favor,consultar_resultados,sintetico,v1
consultar resultados,consultar_resultados,sintetico,v1
mis examenes necesito informacion,consultar_resultados,sintetico,v1
ver resultados por favor,consultar_resultados,sintetico,v1
quisiera saber retirar resultados,consultar_resultados,sintetico,v1
estado de resultados necesito informacion,consultar_resultados,sintetico,v1
como obtengo resultados,consultar_resultados,sintetico,v1
resultado de examenes por favor,consultar_resultados,sintetico,v1
consultar resultados gracias,consultar_resultados,sintetico,v1
quiero mis resultados,consultar_resultados,sintetico,v1
"me ayudas, como obtengo resultados",consultar_resultados,sintetico,v1
mis examenes gracias,consultar_resultados,sintetico,v1
como obtengo resultados por favor,consultar_resultados,sintetico,v1
quisiera saber quiero mis resultados,consultar_resultados,sintetico,v1
mis estudios?,consultar_resultados,sintetico,v1
quiero mis resultados?,consultar_resultados,sintetico,v1
quiero mis resultados gracias,consultar_resultados,sintetico,v1
mis examenes por favor,consultar_resultados,sintetico,v1
consultar resultados,consultar_resultados,sintetico,v1
resultado de examenes?,consultar_resultados,sintetico,v1
"me ayudas, retirar resultados",consultar_resultados,sintetico,v1
resultado de examenes necesito informacion,consultar_resultados,sintetico,v1
resultados de laboratorio por favor,consultar_resultados,sintetico,v1
"me ayudas, resultado de examenes",consultar_resultados,sintetico,v1
"me ayudas, resultados de laboratorio",consultar_resultados,sintetico,v1
ver resultados,consultar_resultados,sintetico,v1
mis estudios gracias,consultar_resultados,sintetico,v1
"me ayudas, ver resultados",consultar_resultados,sintetico,v1
quiero mis resultados,consultar_resultados,sintetico,v1
"me ayudas, mis examenes",consultar_resultados,sintetico,v1
mis estudios?,consultar_resultados,sintetico,v1
hola ver resultados,consultar_resultados,sintetico,v1
hola ver resultados,consultar_resultados,sintetico,v1
retirar resultados?,consultar_resultados,sintetico,v1
como obtengo resultados por favor,consultar_resultados,sintetico,v1
"me ayudas, retirar resultados",consultar_resultados,sintetico,v1
quiero mis resultados,consultar_resultados,sintetico,v1
hola ver resultados,consultar_resultados,sintetico,v1
hola como obtengo resultados,consultar_resultados,sintetico,v1
consultar resultados gracias,consultar_resultados,sintetico,v1
"me ayudas, mis examenes",consultar_resultados,sintetico,v1
"me ayudas, retirar resultados",consultar_resultados,sintetico,v1
ver resultados?,consultar_resultados,sintetico,v1
quisiera saber resultados de laboratorio,consultar_resultados,sintetico,v1
mis examenes por favor,consultar_resultados,sintetico,v1
mis estudios gracias,consultar_resultados,sintetico,v1
ver resultados necesito informacion,consultar_resultados,sintetico,v1
quisiera saber como obtengo resultados,consultar_resultados,sintetico,v1
resultado de examenes?,consultar_resultados,sintetico,v1
hola resultados de laboratorio,consultar_resultados,sintetico,v1
resultados de laboratorio gracias,consultar_resultados,sintetico,v1
quisiera saber ver resultados,consultar_resultados,sintetico,v1
hola resultados de laboratorio,consultar_resultados,sintetico,v1
quisiera saber ver resultados,consultar_resultados,sintetico,v1
mis estudios gracias,consultar_resultados,sintetico,v1
retirar resultados,consultar_resultados,sintetico,v1
mis estudios necesito informacion,consultar_resultados,sintetico,v1
retirar resultados gracias,consultar_resultados,sintetico,v1
hola resultados de laboratorio,consultar_resultados,sintetico,v1
ver resultados,consultar_resultados,sintetico,v1
estado de resultados,consultar_resultados,sintetico,v1
retirar resultados gracias,consultar_resultados,sintetico,v1
retirar resultados?,consultar_resultados,sintetico,v1
resultados de laboratorio?,consultar_resultados,sintetico,v1
hola consultar resultados,consultar_resultados,sintetico,v1
quisiera saber resultado de examenes,consultar_resultados,sintetico,v1
quiero mis resultados necesito informacion,consultar_resultados,sintetico,v1
quisiera saber resultado de examenes,consultar_resultados,sintetico,v1
estado de resultados gracias,consultar_resultados,sintetico,v1
consultar resultados,consultar_resultados,sintetico,v1
mis estudios?,consultar_resultados,sintetico,v1
quisiera saber transferirme con una persona,hablar_asesor,sintetico,v1
atencion personalizada necesito informacion,hablar_asesor,sintetico,v1
quiero soporte gracias,hablar_asesor,sintetico,v1
"me ayudas, comunicarme con un asesor",hablar_asesor,sintetico,v1
quiero hablar con un asesor?,hablar_asesor,sintetico,v1
comunicarme con un asesor necesito informacion,hablar_asesor,sintetico,v1
comunicarme con un asesor necesito informacion,hablar_asesor,sintetico,v1
hola comunicarme con un asesor,hablar_asesor,sintetico,v1
necesito asistencia por favor,hablar_asesor,sintetico,v1
transferirme con una persona gracias,hablar_asesor,sintetico,v1
comunicarme con un asesor gracias,hablar_asesor,sintetico,v1
quisiera saber atencion personalizada,hablar_asesor,sintetico,v1
quisiera saber hablar con alguien,hablar_asesor,sintetico,v1
quiero hablar con un asesor?,hablar_asesor,sintetico,v1
"me ayudas, hablar con alguien",hablar_asesor,sintetico,v1
quisiera saber quiero hablar con un asesor,hablar_asesor,sintetico,v1
quisiera saber hablar con alguien,hablar_asesor,sintetico,v1
comunicarme con un asesor necesito informacion,hablar_asesor,sintetico,v1
asesor por favor,hablar_asesor,sintetico,v1
quisiera saber hablar con recepcion,hablar_asesor,sintetico,v1
hablar con alguien,hablar_asesor,sintetico,v1
"me ayudas, asesor por favor",hablar_asesor,sintetico,v1
hablar con recepcion?,hablar_asesor,sintetico,v1
"me ayudas, quiero soporte",hablar_asesor,sintetico,v1
necesito ayuda humana gracias,hablar_asesor,sintetico,v1
necesito ayuda humana necesito informacion,hablar_asesor,sintetico,v1
transferirme con una persona gracias,hablar_asesor,sintetico,v1
hola hablar con alguien,hablar_asesor,sintetico,v1
hablar con recepcion?,hablar_asesor,sintetico,v1
quisiera saber quiero soporte,hablar_asesor,sintetico,v1
hablar con alguien?,hablar_asesor,sintetico,v1
quisiera saber hablar con alguien,hablar_asesor,sintetico,v1
asesor por favor?,hablar_asesor,sintetico,v1
quisiera saber necesito asistencia,hablar_asesor,sintetico,v1
transferirme con una persona por favor,hablar_asesor,sintetico,v1
"me ayudas, necesito asistencia",hablar_asesor,sintetico,v1
necesito ayuda humana,hablar_asesor,sintetico,v1
necesito ayuda humana gracias,hablar_asesor,sintetico,v1
quiero soporte?,hablar_asesor,sintetico,v1
quisiera saber comunicarme con un asesor,hablar_asesor,sintetico,v1
hablar con alguien gracias,hablar_asesor,sintetico,v1
necesito ayuda humana por favor,hablar_asesor,sintetico,v1
necesito ayuda humana gracias,hablar_asesor,sintetico,v1
hablar con recepcion gracias,hablar_asesor,sintetico,v1
necesito asistencia?,hablar_asesor,sintetico,v1
quisiera saber necesito asistencia,hablar_asesor,sintetico,v1
"me ayudas, comunicarme con un asesor",hablar_asesor,sintetico,v1
comunicarme con un asesor gracias,hablar_asesor,sintetico,v1
transferirme con una persona necesito informacion,hablar_asesor,sintetico,v1
quiero hablar con un asesor gracias,hablar_asesor,sintetico,v1
asesor por favor,hablar_asesor,sintetico,v1
quiero soporte por favor,hablar_asesor,sintetico,v1
necesito asistencia gracias,hablar_asesor,sintetico,v1
hablar con alguien necesito informacion,hablar_asesor,sintetico,v1
quiero soporte necesito informacion,hablar_asesor,sintetico,v1
transferirme con una persona,hablar_asesor,sintetico,v1
quisiera saber necesito ayuda humana,hablar_asesor,sintetico,v1
hola comunicarme con un asesor,hablar_asesor,sintetico,v1
"me ayudas, hablar con recepcion",hablar_asesor,sintetico,v1
atencion personalizada,hablar_asesor,sintetico,v1
transferirme con una persona,hablar_asesor,sintetico,v1
"me ayudas, necesito ayuda humana",hablar_asesor,sintetico,v1
quiero soporte,hablar_asesor,sintetico,v1
hablar con recepcion necesito informacion,hablar_asesor,sintetico,v1
atencion personalizada necesito informacion,hablar_asesor,sintetico,v1
necesito asistencia gracias,hablar_asesor,sintetico,v1
hola quiero hablar con un asesor,hablar_asesor,sintetico,v1
hola quiero soporte,hablar_asesor,sintetico,v1
hola necesito asistencia,hablar_asesor,sintetico,v1
quisiera saber asesor por favor,hablar_asesor,sintetico,v1
"me ayudas, quiero soporte",hablar_asesor,sintetico,v1
transferirme con una persona gracias,hablar_asesor,sintetico,v1
asesor por favor por favor,hablar_asesor,sintetico,v1
"me ayudas, transferirme con una persona",hablar_asesor,sintetico,v1
necesito asistencia?,hablar_asesor,sintetico,v1
quisiera saber necesito ayuda humana,hablar_asesor,sintetico,v1
atencion personalizada gracias,hablar_asesor,sintetico,v1
atencion personalizada?,hablar_asesor,sintetico,v1
atencion personalizada necesito informacion,hablar_asesor,sintetico,v1
quiero soporte necesito informacion,hablar_asesor,sintetico,v1
asesor por favor necesito informacion,hablar_asesor,sintetico,v1
quiero soporte por favor,hablar_asesor,sintetico,v1
"me ayudas, hablar con alguien",hablar_asesor,sintetico,v1
transferirme con una persona,hablar_asesor,sintetico,v1
atencion personalizada necesito informacion,hablar_asesor,sintetico,v1
hola quiero hablar con un asesor,hablar_asesor,sintetico,v1
quisiera saber asesor por favor,hablar_asesor,sintetico,v1
necesito asistencia gracias,hablar_asesor,sintetico,v1
quisiera saber hablar con recepcion,hablar_asesor,sintetico,v1
hablar con recepcion por favor,hablar_asesor,sintetico,v1
quisiera saber quiero soporte,hablar_asesor,sintetico,v1
quiero hablar con un asesor?,hablar_asesor,sintetico,v1
quiero hablar con un asesor?,hablar_asesor,sintetico,v1
quiero hablar con un asesor,hablar_asesor,sintetico,v1
quisiera saber hablar con recepcion,hablar_asesor,sintetico,v1
hablar con alguien gracias,hablar_asesor,sintetico,v1
transferirme con una persona necesito informacion,hablar_asesor,sintetico,v1
necesito ayuda humana necesito informacion,hablar_asesor,sintetico,v1
asesor por favor necesito informacion,hablar_asesor,sintetico,v1
quiero hablar con un asesor necesito informacion,hablar_asesor,sintetico,v1
"me ayudas, proveedor medico",proveedores,sintetico,v1
ya soy proveedor,proveedores,sintetico,v1
quisiera saber proveedor medico,proveedores,sintetico,v1
quiero ser proveedor,proveedores,sintetico,v1
informacion para proveedores necesito informacion,proveedores,sintetico,v1
"me ayudas, contacto proveedores",proveedores,sintetico,v1
proveedor medico?,proveedores,sintetico,v1
contacto proveedores gracias,proveedores,sintetico,v1
area de proveedores gracias,proveedores,sintetico,v1
ya soy proveedor,proveedores,sintetico,v1
"me ayudas, trabajo con ustedes como proveedor",proveedores,sintetico,v1
hola enviar propuesta,proveedores,sintetico,v1
enviar propuesta necesito informacion,proveedores,sintetico,v1
proveedor medico,proveedores,sintetico,v1
quisiera saber area de proveedores,proveedores,sintetico,v1
enviar propuesta,proveedores,sintetico,v1
quisiera saber trabajo con ustedes como proveedor,proveedores,sintetico,v1
proveedor medico?,proveedores,sintetico,v1
"me ayudas, contacto proveedores",proveedores,sintetico,v1
enviar propuesta necesito informacion,proveedores,sintetico,v1
ya soy proveedor por favor,proveedores,sintetico,v1
informacion para proveedores por favor,proveedores,sintetico,v1
quisiera saber ya soy proveedor,proveedores,sintetico,v1
"me ayudas, ya soy proveedor",proveedores,sintetico,v1
informacion para proveedores por favor,proveedores,sintetico,v1
enviar propuesta por favor,proveedores,sintetico,v1
"me ayudas, informacion para proveedores",proveedores,sintetico,v1
area de proveedores por favor,proveedores,sintetico,v1
registrar proveedor necesito informacion,proveedores,sintetico,v1
quisiera saber ya soy proveedor,proveedores,sintetico,v1
ya soy proveedor necesito informacion,proveedores,sintetico,v1
gestion de proveedores gracias,proveedores,sintetico,v1
hola gestion de proveedores,proveedores,sintetico,v1
registrar proveedor necesito informacion,proveedores,sintetico,v1
"me ayudas, gestion de proveedores",proveedores,sintetico,v1
quisiera saber gestion de proveedores,proveedores,sintetico,v1
trabajo con ustedes como proveedor?,proveedores,sintetico,v1
quiero ser proveedor,proveedores,sintetico,v1
quisiera saber quiero ser proveedor,proveedores,sintetico,v1
proveedor medico,proveedores,sintetico,v1
"me ayudas, contacto proveedores",proveedores,sintetico,v1
contacto proveedores?,proveedores,sintetico,v1
contacto proveedores?,proveedores,sintetico,v1
area de proveedores,proveedores,sintetico,v1
trabajo con ustedes como proveedor,proveedores,sintetico,v1
registrar proveedor por favor,proveedores,sintetico,v1
"me ayudas, registrar proveedor",proveedores,sintetico,v1
contacto proveedores necesito informacion,proveedores,sintetico,v1
contacto proveedores gracias,proveedores,sintetico,v1
quisiera saber enviar propuesta,proveedores,sintetico,v1
ya soy proveedor por favor,proveedores,sintetico,v1
proveedor medico?,proveedores,sintetico,v1
gestion de proveedores gracias,proveedores,sintetico,v1
quiero ser proveedor gracias,proveedores,sintetico,v1
trabajo con ustedes como proveedor necesito informacion,proveedores,sintetico,v1
registrar proveedor por favor,proveedores,sintetico,v1
registrar proveedor gracias,proveedores,sintetico,v1
area de proveedores por favor,proveedores,sintetico,v1
area de proveedores por favor,proveedores,sintetico,v1
"me ayudas, area de proveedores",proveedores,sintetico,v1
registrar proveedor,proveedores,sintetico,v1
contacto proveedores?,proveedores,sintetico,v1
proveedor medico por favor,proveedores,sintetico,v1
quisiera saber proveedor medico,proveedores,sintetico,v1
informacion para proveedores gracias,proveedores,sintetico,v1
"me ayudas, ya soy proveedor",proveedores,sintetico,v1
area de proveedores necesito informacion,proveedores,sintetico,v1
ya soy proveedor gracias,proveedores,sintetico,v1
area de proveedores,proveedores,sintetico,v1
gestion de proveedores por favor,proveedores,sintetico,v1
ya soy proveedor por favor,proveedores,sintetico,v1
trabajo con ustedes como proveedor gracias,proveedores,sintetico,v1
informacion para proveedores?,proveedores,sintetico,v1
informacion para proveedores,proveedores,sintetico,v1
"me ayudas, area de proveedores",proveedores,sintetico,v1
quisiera saber informacion para proveedores,proveedores,sintetico,v1
registrar proveedor,proveedores,sintetico,v1
proveedor medico,proveedores,sintetico,v1
hola ya soy proveedor,proveedores,sintetico,v1
"me ayudas, gestion de proveedores",proveedores,sintetico,v1
gestion de proveedores necesito informacion,proveedores,sintetico,v1
hola contacto proveedores,proveedores,sintetico,v1
gestion de proveedores?,proveedores,sintetico,v1
registrar proveedor?,proveedores,sintetico,v1
hola trabajo con ustedes como proveedor,proveedores,sintetico,v1
gestion de proveedores?,proveedores,sintetico,v1
contacto proveedores necesito informacion,proveedores,sintetico,v1
gestion de proveedores?,proveedores,sintetico,v1
"me ayudas, contacto proveedores",proveedores,sintetico,v1
"me ayudas, gestion de proveedores",proveedores,sintetico,v1
quiero ser proveedor?,proveedores,sintetico,v1
registrar proveedor gracias,proveedores,sintetico,v1
informacion para proveedores necesito informacion,proveedores,sintetico,v1
gestion de proveedores necesito informacion,proveedores,sintetico,v1
contacto proveedores?,proveedores,sintetico,v1
proveedor medico gracias,proveedores,sintetico,v1
quiero ser proveedor por favor,proveedores,sintetico,v1
trabajo con ustedes como proveedor,proveedores,sintetico,v1
contacto proveedores gracias,proveedores,sintetico,v1
hola informacion para proveedores,proveedores,sintetico,v1
quisiera saber acuerdo de colaboracion,alianzas,sintetico,v1
quisiera saber propuesta de alianza,alianzas,sintetico,v1
convenio empresarial gracias,alianzas,sintetico,v1
trabajar en conjunto por favor,alianzas,sintetico,v1
convenio empresarial gracias,alianzas,sintetico,v1
informacion de alianzas gracias,alianzas,sintetico,v1
convenio empresarial?,alianzas,sintetico,v1
convenio empresarial,alianzas,sintetico,v1
alianza comercial,alianzas,sintetico,v1
acuerdo de colaboracion por favor,alianzas,sintetico,v1
trabajar en conjunto necesito informacion,alianzas,sintetico,v1
quisiera saber quiero una alianza,alianzas,sintetico,v1
contacto alianzas necesito informacion,alianzas,sintetico,v1
contacto alianzas,alianzas,sintetico,v1
hola convenio empresarial,alianzas,sintetico,v1
quiero una alianza gracias,alianzas,sintetico,v1
convenio empresarial?,alianzas,sintetico,v1
acuerdo de colaboracion necesito informacion,alianzas,sintetico,v1
propuesta de alianza por favor,alianzas,sintetico,v1
trabajar en conjunto?,alianzas,sintetico,v1
quiero una alianza?,alianzas,sintetico,v1
contacto alianzas?,alianzas,sintetico,v1
"me ayudas, acuerdo de colaboracion",alianzas,sintetico,v1
informacion de alianzas,alianzas,sintetico,v1
hola acuerdo de colaboracion,alianzas,sintetico,v1
trabajar en conjunto,alianzas,sintetico,v1
propuesta de alianza,alianzas,sintetico,v1
informacion de alianzas por favor,alianzas,sintetico,v1
acuerdo de colaboracion por favor,alianzas,sintetico,v1
propuesta de alianza gracias,alianzas,sintetico,v1
hola quiero una alianza,alianzas,sintetico,v1
propuesta de alianza por favor,alianzas,sintetico,v1
contacto alianzas por favor,alianzas,sintetico,v1
hola alianza estrategica,alianzas,sintetico,v1
"me ayudas, alianza estrategica",alianzas,sintetico,v1
contacto alianzas gracias,alianzas,sintetico,v1
alianza estrategica,alianzas,sintetico,v1
hola trabajar en conjunto,alianzas,sintetico,v1
informacion de alianzas,alianzas,sintetico,v1
ya soy aliado necesito informacion,alianzas,sintetico,v1
alianza estrategica?,alianzas,sintetico,v1
informacion de alianzas por favor,alianzas,sintetico,v1
trabajar en conjunto gracias,alianzas,sintetico,v1
quisiera saber alianza comercial,alianzas,sintetico,v1
"me ayudas, alianza estrategica",alianzas,sintetico,v1
hola acuerdo de colaboracion,alianzas,sintetico,v1
convenio empresarial?,alianzas,sintetico,v1
hola alianza comercial,alianzas,sintetico,v1
acuerdo de colaboracion por favor,alianzas,sintetico,v1
convenio empresarial por favor,alianzas,sintetico,v1
alianza comercial por favor,alianzas,sintetico,v1
contacto alianzas,alianzas,sintetico,v1
contacto alianzas,alianzas,sintetico,v1
"me ayudas, propuesta de alianza",alianzas,sintetico,v1
alianza comercial por favor,alianzas,sintetico,v1
contacto alianzas por favor,alianzas,sintetico,v1
quisiera saber convenio empresarial,alianzas,sintetico,v1
quiero una alianza por favor,alianzas,sintetico,v1
"me ayudas, trabajar en conjunto",alianzas,sintetico,v1
acuerdo de colaboracion necesito informacion,alianzas,sintetico,v1
"me ayudas, acuerdo de colaboracion",alianzas,sintetico,v1
informacion de alianzas,alianzas,sintetico,v1
"me ayudas, trabajar en conjunto",alianzas,sintetico,v1
informacion de alianzas por favor,alianzas,sintetico,v1
quisiera saber informacion de alianzas,alianzas,sintetico,v1
quiero una alianza gracias,alianzas,sintetico,v1
alianza comercial?,alianzas,sintetico,v1
alianza estrategica por favor,alianzas,sintetico,v1
ya soy aliado por favor,alianzas,sintetico,v1
quisiera saber acuerdo de colaboracion,alianzas,sintetico,v1
alianza comercial por favor,alianzas,sintetico,v1
hola ya soy aliado,alianzas,sintetico,v1
quisiera saber quiero una alianza,alianzas,sintetico,v1
"me ayudas, convenio empresarial",alianzas,sintetico,v1
hola acuerdo de colaboracion,alianzas,sintetico,v1
convenio empresarial gracias,alianzas,sintetico,v1
ya soy aliado necesito informacion,alianzas,sintetico,v1
quisiera saber contacto alianzas,alianzas,sintetico,v1
"me ayudas, ya soy aliado",alianzas,sintetico,v1
convenio empresarial gracias,alianzas,sintetico,v1
ya soy aliado gracias,alianzas,sintetico,v1
"me ayudas, ya soy aliado",alianzas,sintetico,v1
"me ayudas, informacion de alianzas",alianzas,sintetico,v1
hola alianza estrategica,alianzas,sintetico,v1
ya soy aliado,alianzas,sintetico,v1
propuesta de alianza necesito informacion,alianzas,sintetico,v1
trabajar en conjunto gracias,alianzas,sintetico,v1
acuerdo de colaboracion?,alianzas,sintetico,v1
hola alianza comercial,alianzas,sintetico,v1
contacto alianzas necesito informacion,alianzas,sintetico,v1
hola contacto alianzas,alianzas,sintetico,v1
alianza comercial gracias,alianzas,sintetico,v1
propuesta de alianza,alianzas,sintetico,v1
contacto alianzas?,alianzas,sintetico,v1
"me ayudas, contacto alianzas",alianzas,sintetico,v1
convenio empresarial?,alianzas,sintetico,v1
"me ayudas, alianza comercial",alianzas,sintetico,v1
"me ayudas, informacion de alianzas",alianzas,sintetico,v1
quisiera saber quiero una alianza,alianzas,sintetico,v1
hola acuerdo de colaboracion,alianzas,sintetico,v1
quisiera saber enviar hoja de vida,trabajo,sintetico,v1
quisiera saber busco empleo,trabajo,sintetico,v1
"me ayudas, postular a una vacante",trabajo,sintetico,v1
hola vacantes disponibles,trabajo,sintetico,v1
reclutamiento necesito informacion,trabajo,sintetico,v1
postular a una vacante gracias,trabajo,sintetico,v1
empleos,trabajo,sintetico,v1
quiero trabajar con ustedes,trabajo,sintetico,v1
trabaja con nosotros necesito informacion,trabajo,sintetico,v1
enviar hoja de vida?,trabajo,sintetico,v1
quiero trabajar con ustedes gracias,trabajo,sintetico,v1
empleos?,trabajo,sintetico,v1
busco empleo gracias,trabajo,sintetico,v1
busco empleo por favor,trabajo,sintetico,v1
hola postular a una vacante,trabajo,sintetico,v1
busco empleo necesito informacion,trabajo,sintetico,v1
hola talento humano,trabajo,sintetico,v1
talento humano necesito informacion,trabajo,sintetico,v1
reclutamiento gracias,trabajo,sintetico,v1
ofertas laborales,trabajo,sintetico,v1
hola postular a una vacante,trabajo,sintetico,v1
talento humano?,trabajo,sintetico,v1
postular a una vacante,trabajo,sintetico,v1
quisiera saber talento humano,trabajo,sintetico,v1
"me ayudas, trabaja con nosotros",trabajo,sintetico,v1
busco empleo gracias,trabajo,sintetico,v1
busco empleo necesito informacion,trabajo,sintetico,v1
hola reclutamiento,trabajo,sintetico,v1
empleos,trabajo,sintetico,v1
enviar hoja de vida,trabajo,sintetico,v1
ofertas laborales necesito informacion,trabajo,sintetico,v1
reclutamiento,trabajo,sintetico,v1
trabaja con nosotros gracias,trabajo,sintetico,v1
quiero trabajar con ustedes gracias,trabajo,sintetico,v1
"me ayudas, talento humano",trabajo,sintetico,v1
empleos necesito informacion,trabajo,sintetico,v1
vacantes disponibles gracias,trabajo,sintetico,v1
hola quiero trabajar con ustedes,trabajo,sintetico,v1
quiero trabajar con ustedes por favor,trabajo,sintetico,v1
enviar hoja de vida necesito informacion,trabajo,sintetico,v1
ofertas laborales,trabajo,sintetico,v1
"me ayudas, reclutamiento",trabajo,sintetico,v1
trabaja con nosotros?,trabajo,sintetico,v1
busco empleo,trabajo,sintetico,v1
busco empleo gracias,trabajo,sintetico,v1
enviar hoja de vida gracias,trabajo,sintetico,v1
"me ayudas, enviar hoja de vida",trabajo,sintetico,v1
quisiera saber empleos,trabajo,sintetico,v1
quisiera saber empleos,trabajo,sintetico,v1
quisiera saber enviar hoja de vida,trabajo,sintetico,v1
empleos,trabajo,sintetico,v1
vacantes disponibles gracias,trabajo,sintetico,v1
hola ofertas laborales,trabajo,sintetico,v1
postular a una vacante necesito informacion,trabajo,sintetico,v1
"me ayudas, ofertas laborales",trabajo,sintetico,v1
postular a una vacante necesito informacion,trabajo,sintetico,v1
trabaja con nosotros,trabajo,sintetico,v1
enviar hoja de vida por favor,trabajo,sintetico,v1
trabaja con nosotros necesito informacion,trabajo,sintetico,v1
postular a una vacante necesito informacion,trabajo,sintetico,v1
empleos necesito informacion,trabajo,sintetico,v1
quisiera saber talento humano,trabajo,sintetico,v1
hola busco empleo,trabajo,sintetico,v1
quisiera saber empleos,trabajo,sintetico,v1
quisiera saber empleos,trabajo,sintetico,v1
trabaja con nosotros?,trabajo,sintetico,v1
"me ayudas, quiero trabajar con ustedes",trabajo,sintetico,v1
enviar hoja de vida gracias,trabajo,sintetico,v1
vacantes disponibles?,trabajo,sintetico,v1
hola empleos,trabajo,sintetico,v1
talento humano,trabajo,sintetico,v1
quiero trabajar con ustedes necesito informacion,trabajo,sintetico,v1
quisiera saber ofertas laborales,trabajo,sintetico,v1
ofertas laborales necesito informacion,trabajo,sintetico,v1
enviar hoja de vida,trabajo,sintetico,v1
quisiera saber empleos,trabajo,sintetico,v1
quisiera saber busco empleo,trabajo,sintetico,v1
quisiera saber reclutamiento,trabajo,sintetico,v1
reclutamiento necesito informacion,trabajo,sintetico,v1
quiero trabajar con ustedes?,trabajo,sintetico,v1
hola postular a una vacante,trabajo,sintetico,v1
quisiera saber talento humano,trabajo,sintetico,v1
talento humano?,trabajo,sintetico,v1
enviar hoja de vida por favor,trabajo,sintetico,v1
quisiera saber enviar hoja de vida,trabajo,sintetico,v1
postular a una vacante,trabajo,sintetico,v1
hola enviar hoja de vida,trabajo,sintetico,v1
hola talento humano,trabajo,sintetico,v1
quiero trabajar con ustedes,trabajo,sintetico,v1
hola trabaja con nosotros,trabajo,sintetico,v1
hola postular a una vacante,trabajo,sintetico,v1
"me ayudas, ofertas laborales",trabajo,sintetico,v1
quisiera saber empleos,trabajo,sintetico,v1
quiero trabajar con ustedes gracias,trabajo,sintetico,v1
quisiera saber vacantes disponibles,trabajo,sintetico,v1
"me ayudas, ofertas laborales",trabajo,sintetico,v1
enviar hoja de vida,trabajo,sintetico,v1
enviar hoja de vida necesito informacion,trabajo,sintetico,v1
talento humano gracias,trabajo,sintetico,v1
reclutamiento gracias,trabajo,sintetico,v1
muchas gracias gracias,agradecimiento,sintetico,v1
gracias,agradecimiento,sintetico,v1
genial gracias necesito informacion,agradecimiento,sintetico,v1
hola perfecto gracias,agradecimiento,sintetico,v1
"me ayudas, excelente",agradecimiento,sintetico,v1
excelente?,agradecimiento,sintetico,v1
gracias por la ayuda gracias,agradecimiento,sintetico,v1
muy amable gracias,agradecimiento,sintetico,v1
excelente?,agradecimiento,sintetico,v1
hola muchas gracias,agradecimiento,sintetico,v1
gracias por la ayuda?,agradecimiento,sintetico,v1
genial gracias por favor,agradecimiento,sintetico,v1
quisiera saber ok gracias,agradecimiento,sintetico,v1
muy amable,agradecimiento,sintetico,v1
hola ok gracias,agradecimiento,sintetico,v1
todo claro por favor,agradecimiento,sintetico,v1
hola ok gracias,agradecimiento,sintetico,v1
gracias por favor,agradecimiento,sintetico,v1
agradecido?,agradecimiento,sintetico,v1
"me ayudas, agradecido",agradecimiento,sintetico,v1
agradecido?,agradecimiento,sintetico,v1
"me ayudas, todo claro",agradecimiento,sintetico,v1
perfecto gracias por favor,agradecimiento,sintetico,v1
muy amable?,agradecimiento,sintetico,v1
todo claro,agradecimiento,sintetico,v1
hola gracias,agradecimiento,sintetico,v1
gracias?,agradecimiento,sintetico,v1
"me ayudas, todo claro",agradecimiento,sintetico,v1
gracias por la ayuda gracias,agradecimiento,sintetico,v1
gracias por la ayuda necesito informacion,agradecimiento,sintetico,v1
gracias?,agradecimiento,sintetico,v1
quisiera saber muchas gracias,agradecimiento,sintetico,v1
gracias por la ayuda?,agradecimiento,sintetico,v1
excelente por favor,agradecimiento,sintetico,v1
ok gracias,agradecimiento,sintetico,v1
"me ayudas, muy amable",agradecimiento,sintetico,v1
excelente gracias,agradecimiento,sintetico,v1
ok gracias?,agradecimiento,sintetico,v1
quisiera saber gracias,agradecimiento,sintetico,v1
ok gracias?,agradecimiento,sintetico,v1
gracias necesito informacion,agradecimiento,sintetico,v1
excelente necesito informacion,agradecimiento,sintetico,v1
perfecto gracias?,agradecimiento,sintetico,v1
hola todo claro,agradecimiento,sintetico,v1
todo claro,agradecimiento,sintetico,v1
hola muy amable,agradecimiento,sintetico,v1
quisiera saber todo claro,agradecimiento,sintetico,v1
quisiera saber gracias,agradecimiento,sintetico,v1
hola muy amable,agradecimiento,sintetico,v1
gracias por la ayuda,agradecimiento,sintetico,v1
"me ayudas, muchas gracias",agradecimiento,sintetico,v1
genial gracias?,agradecimiento,sintetico,v1
todo claro,agradecimiento,sintetico,v1
hola gracias,agradecimiento,sintetico,v1
perfecto gracias necesito informacion,agradecimiento,sintetico,v1
quisiera saber gracias por la ayuda,agradecimiento,sintetico,v1
quisiera saber agradecido,agradecimiento,sintetico,v1
"me ayudas, gracias por la ayuda",agradecimiento,sintetico,v1
quisiera saber ok gracias,agradecimiento,sintetico,v1
agradecido necesito informacion,agradecimiento,sintetico,v1
hola ok gracias,agradecimiento,sintetico,v1
gracias por la ayuda?,agradecimiento,sintetico,v1
gracias?,agradecimiento,sintetico,v1
hola excelente,agradecimiento,sintetico,v1
muy amable?,agradecimiento,sintetico,v1
todo claro?,agradecimiento,sintetico,v1
quisiera saber muy amable,agradecimiento,sintetico,v1
genial gracias gracias,agradecimiento,sintetico,v1
hola ok gracias,agradecimiento,sintetico,v1
quisiera saber todo claro,agradecimiento,sintetico,v1
hola agradecido,agradecimiento,sintetico,v1
ok gracias,agradecimiento,sintetico,v1
muy amable gracias,agradecimiento,sintetico,v1
gracias por la ayuda necesito informacion,agradecimiento,sintetico,v1
muchas gracias gracias,agradecimiento,sintetico,v1
gracias por la ayuda gracias,agradecimiento,sintetico,v1
excelente gracias,agradecimiento,sintetico,v1
ok gracias gracias,agradecimiento,sintetico,v1
hola ok gracias,agradecimiento,sintetico,v1
quisiera saber muchas gracias,agradecimiento,sintetico,v1
todo claro necesito informacion,agradecimiento,sintetico,v1
hola excelente,agradecimiento,sintetico,v1
perfecto gracias,agradecimiento,sintetico,v1
quisiera saber muchas gracias,agradecimiento,sintetico,v1
quisiera saber excelente,agradecimiento,sintetico,v1
muy amable?,agradecimiento,sintetico,v1
excelente por favor,agradecimiento,sintetico,v1
perfecto gracias por favor,agradecimiento,sintetico,v1
quisiera saber muchas gracias,agradecimiento,sintetico,v1
gracias por la ayuda gracias,agradecimiento,sintetico,v1
excelente,agradecimiento,sintetico,v1
agradecido por favor,agradecimiento,sintetico,v1
genial gracias necesito informacion,agradecimiento,sintetico,v1
genial gracias?,agradecimiento,sintetico,v1
hola todo claro,agradecimiento,sintetico,v1
muy amable por favor,agradecimiento,sintetico,v1
todo claro por favor,agradecimiento,sintetico,v1
gracias por la ayuda gracias,agradecimiento,sintetico,v1
quisiera saber perfecto gracias,agradecimiento,sintetico,v1
excelente,agradecimiento,sintetico,v1
"me ayudas, capital de japon",desconocido,sintetico,v1
"me ayudas, cuentame un chiste",desconocido,sintetico,v1
quiero comprar un carro?,desconocido,sintetico,v1
mi gato no come,desconocido,sintetico,v1
capital de japon necesito informacion,desconocido,sintetico,v1
receta de pizza?,desconocido,sintetico,v1
cuentame un chiste por favor,desconocido,sintetico,v1
quiero comprar un carro?,desconocido,sintetico,v1
cuentame un chiste?,desconocido,sintetico,v1
que es inteligencia artificial,desconocido,sintetico,v1
quiero aprender guitarra gracias,desconocido,sintetico,v1
receta de pizza gracias,desconocido,sintetico,v1
quisiera saber mi gato no come,desconocido,sintetico,v1
quien gano el partido?,desconocido,sintetico,v1
hola quien gano el partido,desconocido,sintetico,v1
quiero aprender guitarra?,desconocido,sintetico,v1
receta de pizza necesito informacion,desconocido,sintetico,v1
"me ayudas, quien gano el partido",desconocido,sintetico,v1
"me ayudas, receta de pizza",desconocido,sintetico,v1
"me ayudas, capital de japon",desconocido,sintetico,v1
quisiera saber que es inteligencia artificial,desconocido,sintetico,v1
quiero aprender guitarra por favor,desconocido,sintetico,v1
quiero aprender guitarra necesito informacion,desconocido,sintetico,v1
quiero comprar un carro?,desconocido,sintetico,v1
como invertir dinero gracias,desconocido,sintetico,v1
quien gano el partido necesito informacion,desconocido,sintetico,v1
"me ayudas, quien gano el partido",desconocido,sintetico,v1
"me ayudas, cuentame un chiste",desconocido,sintetico,v1
quien gano el partido?,desconocido,sintetico,v1
quiero comprar un carro necesito informacion,desconocido,sintetico,v1
cuentame un chiste,desconocido,sintetico,v1
quisiera saber quiero comprar un carro,desconocido,sintetico,v1
mi gato no come por favor,desconocido,sintetico,v1
quien gano el partido por favor,desconocido,sintetico,v1
cuentame un chiste necesito informacion,desconocido,sintetico,v1
que es inteligencia artificial necesito informacion,desconocido,sintetico,v1
como esta el clima necesito informacion,desconocido,sintetico,v1
receta de pizza por favor,desconocido,sintetico,v1
"me ayudas, quiero comprar un carro",desconocido,sintetico,v1
"me ayudas, quien gano el partido",desconocido,sintetico,v1
quiero aprender guitarra?,desconocido,sintetico,v1
"me ayudas, mi gato no come",desconocido,sintetico,v1
quisiera saber quiero comprar un carro,desconocido,sintetico,v1
"me ayudas, como invertir dinero",desconocido,sintetico,v1
mi gato no come,desconocido,sintetico,v1
receta de pizza gracias,desconocido,sintetico,v1
hola quiero aprender guitarra,desconocido,sintetico,v1
hola como invertir dinero,desconocido,sintetico,v1
"me ayudas, quiero aprender guitarra",desconocido,sintetico,v1
como esta el clima por favor,desconocido,sintetico,v1
que es inteligencia artificial,desconocido,sintetico,v1
capital de japon por favor,desconocido,sintetico,v1
quiero comprar un carro por favor,desconocido,sintetico,v1
hola mi gato no come,desconocido,sintetico,v1
que es inteligencia artificial?,desconocido,sintetico,v1
"me ayudas, como esta el clima",desconocido,sintetico,v1
hola como invertir dinero,desconocido,sintetico,v1
quisiera saber quiero comprar un carro,desconocido,sintetico,v1
quiero comprar un carro por favor,desconocido,sintetico,v1
"me ayudas, que es inteligencia artificial",desconocido,sintetico,v1
capital de japon necesito informacion,desconocido,sintetico,v1
cuentame un chiste?,desconocido,sintetico,v1
"me ayudas, como esta el clima",desconocido,sintetico,v1
quiero comprar un carro gracias,desconocido,sintetico,v1
quiero aprender guitarra gracias,desconocido,sintetico,v1
mi gato no come necesito informacion,desconocido,sintetico,v1
quien gano el partido gracias,desconocido,sintetico,v1
como invertir dinero?,desconocido,sintetico,v1
hola capital de japon,desconocido,sintetico,v1
quien gano el partido gracias,desconocido,sintetico,v1
"me ayudas, como esta el clima",desconocido,sintetico,v1
"me ayudas, quien gano el partido",desconocido,sintetico,v1
quiero aprender guitarra por favor,desconocido,sintetico,v1
quien gano el partido,desconocido,sintetico,v1
quisiera saber quiero comprar un carro,desconocido,sintetico,v1
quien gano el partido por favor,desconocido,sintetico,v1
quiero comprar un carro por favor,desconocido,sintetico,v1
capital de japon necesito informacion,desconocido,sintetico,v1
quiero aprender guitarra por favor,desconocido,sintetico,v1
como esta el clima?,desconocido,sintetico,v1
quisiera saber quien gano el partido,desconocido,sintetico,v1
como esta el clima,desconocido,sintetico,v1
como invertir dinero?,desconocido,sintetico,v1
como esta el clima gracias,desconocido,sintetico,v1
"me ayudas, que es inteligencia artificial",desconocido,sintetico,v1
hola mi gato no come,desconocido,sintetico,v1
quien gano el partido,desconocido,sintetico,v1
que es inteligencia artificial necesito informacion,desconocido,sintetico,v1
quisiera saber que es inteligencia artificial,desconocido,sintetico,v1
quiero comprar un carro por favor,desconocido,sintetico,v1
quien gano el partido,desconocido,sintetico,v1
quisiera saber quiero comprar un carro,desconocido,sintetico,v1
quiero aprender guitarra gracias,desconocido,sintetico,v1
como esta el clima por favor,desconocido,sintetico,v1
quien gano el partido gracias,desconocido,sintetico,v1
"me ayudas, que es inteligencia artificial",desconocido,sintetico,v1
quien gano el partido,desconocido,sintetico,v1
quisiera saber mi gato no come,desconocido,sintetico,v1
como esta el clima,desconocido,sintetico,v1
"me ayudas, como esta el clima",desconocido,sintetico,v1
Hola buenas,saludo,real,v1
Buenas tardes,saludo,real,v1
Buenos días,saludo,real,v1
Hola,saludo,real,v1
Buen día,saludo,real,v1
Buenas noches,saludo,real,v1
Hhola,saludo,real,v1
buenas tardes,saludo,real,v1
holaaaaa,saludo,real,v1
cardiología,consulta_especialidades,real,v1
tienen nutrición,consulta_especialidades,real,v1
Buen día cuenta con la especialidad de Cardiólogia?,consulta_especialidades,real,v1
Servicio de cardiología,consulta_especialidades,real,v1
Urología,consulta_especialidades,real,v1
Oftalmología,consulta_especialidades,real,v1
quisiera información sobre las áreas de pediatría y dermatologia,consulta_especialidades,real,v1
Hola atienden mañana o el sábado,consultar_horario,real,v1
¿Cuál es su horario de atención?,consultar_horario,real,v1
Atienden los días sábados,consultar_horario,real,v1
Buenos días disculpe hoy atienden,consultar_horario,real,v1
Quisiera saber si hoy atienden,consultar_horario,real,v1
Horarios de atención,consultar_horario,real,v1
favor indicar dirección y horario,consultar_horario,real,v1
"me gustaría agendar una cita de laboratorio, que incluya este paquete",agendar_cita,real,v1
Buenas necesito que me ayuden con una orden de tomografía,agendar_cita,real,v1
¿Dónde puedo agendar mi cita?,agendar_cita,real,v1
¿Puedo reservar una cita?,agendar_cita,real,v1
¿Como puedo agendar una cita?,agendar_cita,real,v1
Quiero reservar una cita.,agendar_cita,real,v1
Algún número para comunicarme o sacar cita,agendar_cita,real,v1
Disculpe una última interrogante hay que agendar cita o solo acercarse?,agendar_cita,real,v1
¿Cuál es su ubicación?,consultar_ubicacion,real,v1
Dónde están ubicados,consultar_ubicacion,real,v1
fonde estan ubicadod yo vivo en Milagro,consultar_ubicacion,real,v1
favor indicar dirección y horario,consultar_ubicacion,real,v1
donde están ubicados.,consultar_ubicacion,real,v1
deme su ubicación,consultar_ubicacion,real,v1
donde ubicados,consultar_ubicacion,real,v1
Donde esta ubicado?,consultar_ubicacion,real,v1
Ola mucho gusto disculpe dirección exacta en Guayaquil,consultar_ubicacion,real,v1
disculpe dirección exacta en Guayaquil,consultar_ubicacion,real,v1
dirección exacta en Guayaquil,consultar_ubicacion,real,v1
Buenos días tiene atención a domicilio gracias,hablar_asesor,real,v1
Buenas noches para hacerme una ecografia es necesario sacar cita.,hablar_asesor,real,v1
Quiero hacerme una ecografia es necesario sacar cita.,hablar_asesor,real,v1
Una pregunta donde puedo entregar mi hoja de vida,trabajo,real,v1
Muy buenas tardes me comunicaba con ustedes para saber si tienen un correo de recursos humanos que puedan brindarme,trabajo,real,v1
Soy enfermera auxiliar,trabajo,real,v1
"Buenas tardes, disculpe están necesitando personal médico ? Algún correo al que pueda enviar un curriculum",trabajo,real,v1
Hola buenas noches me ayuda con un correo para enviar mi CV,trabajo,real,v1
buenas tardes me pueden ayudar con un mail para trabajo soy enfermera profesional,trabajo,real,v1
Solicito comedidamente me ayude direccionando un correo electrónico para enviar mi hoja de vida,trabajo,real,v1
Buen día disculpe tienen alguna vacante laboral,trabajo,real,v1
buenas tardes me llamo yerferzon Urdaneta soy médico general me gustaría trabajar con ustedes,trabajo,real,v1
Soy medico general,trabajo,real,v1
Deseo entragar ni curriculo,trabajo,real,v1
Hola que precio tiene la ecografía venosa,cotizar_servicio,real,v1
Que valor tiene una audiometría,cotizar_servicio,real,v1
Cuánto cuesta un lavado de oído?,cotizar_servicio,real,v1
Qué precio tienen las tomografías,cotizar_servicio,real,v1
Eco transvaginal precio?,cotizar_servicio,real,v1
"Valor de la consulta, muchas gracias.",cotizar_servicio,real,v1
Cuanto salen las protesis,cotizar_servicio,real,v1
Realizan resonancias magnéticas ?,consulta_servicios,real,v1
Hola quisiera saber si uds hacen operaciones,consulta_servicios,real,v1
Tiene servicio para mamografía,consulta_servicios,real,v1
Realizan tomografia de craneo,consulta_servicios,real,v1
Quiero saber.sirealisanprotesis,consulta_servicios,real,v1
uds mismo hacen la radiografía,consulta_servicios,real,v1
